{
  "rogueport_westside": {
    "function": "westside"
  },
  "sewers_westside": {
    "function": "sewers_westside"
  },
  "sewers_westside_ground": {
    "function": "sewers_westside_ground"
  },
  "petal_left": {
    "function": "petal_left"
  },
  "petal_right": {
    "or": [
      { "function": "petal_left" },
      { "function": "petal_right" }
    ]
  },
  "hooktails_castle": {
    "and": [
      { "function": "petal_left" },
      { "function": "hooktails_castle" }
    ]
  },
  "twilight_town": {
    "function": "twilight_town"
  },
  "twilight_trail": {
    "and": [
      { "function": "twilight_town" },
      { "function": "tube_curse" }
    ]
  },
  "fahr_outpost": {
    "function": "fahr_outpost"
  },
  "xnaut_fortress": {
    "and": [
      { "function": "fahr_outpost" },
      { "function": "moon" }
    ]
  },
  "boggly_woods": {
    "function": "boggly_woods"
  },
  "great_tree": {
    "and": [
      { "function": "boggly_woods" },
      { "has": "Flurrie" }
    ]
  },
  "glitzville": {
    "and": [
      { "function": "westside" },
      { "has": "Blimp Ticket" }
    ]
  },
  "creepy_steeple": {
    "and": [
      { "function": "twilight_town" },
      { "function": "twilight_trail" },
      { "function": "steeple" }
    ]
  },
  "keelhaul_key": {
    "function": "keelhaul_key"
  },
  "pirates_grotto": {
    "and": [
      { "function": "keelhaul_key" },
      { "function": "pirates_grotto" }
      ]
  },
  "excess_express": {
    "and": [
      { "function": "westside" },
      { "has": "Train Ticket" }
    ]
  },
  "riverside": {
    "and": [
      { "function": "westside" },
      { "has": "Train Ticket" },
      { "function": "riverside" }
    ]
  },
  "poshley_heights": {
    "or": [
      {
        "and": [
          { "function": "westside" },
          { "has": "Train Ticket" },
          { "function": "riverside" },
          { "function": "poshley_heights" }
        ]
      },
      {
        "and": [
          { "function": "super_boots" },
          { "function": "ultra_hammer" }
        ]
      }
    ]
  },
  "palace": {
    "function": "palace"
  },
  "riddle_tower": {
    "and": [
      { "function": "palace" },
      { "function": "riddle_tower" }
    ]
  },
  "pit": {
    "function": "pit"
  }
}
