[
  {"name": "Tattle: Goomba", "id": 78780850, "rel": "dol", "offsets": [], "vanilla_item": 0, "tags": ["tattle"]},
  {"name": "Tattle: Paragoomba", "id": 78780851, "rel": "dol", "offsets": [], "vanilla_item": 0, "tags": ["tattle"]},
  {"name": "Tattle: Spiky Goomba", "id": 78780852, "rel": "dol", "offsets": [], "vanilla_item": 0, "tags": ["tattle"]},
  {"name": "Tattle: Hyper Goomba", "id": 78780853, "rel": "dol", "offsets": [], "vanilla_item": 0, "tags": ["tattle"]},
  {"name": "Tattle: Hyper Paragoomba", "id": 78780854, "rel": "dol", "offsets": [], "vanilla_item": 0, "tags": ["tattle"]},
  {"name": "Tattle: Hyper Spiky Goomba", "id": 78780855, "rel": "dol", "offsets": [], "vanilla_item": 0, "tags": ["tattle"]},
  {"name": "Tattle: Gloomba", "id": 78780856, "rel": "dol", "offsets": [], "vanilla_item": 0, "tags": ["tattle"]},
  {"name": "Tattle: Paragloomba", "id": 78780857, "rel": "dol", "offsets": [], "vanilla_item": 0, "tags": ["tattle"]},
  {"name": "Tattle: Spiky Gloomba", "id": 78780858, "rel": "dol", "offsets": [], "vanilla_item": 0, "tags": ["tattle"]},
  {"name": "Tattle: Koopa Troopa", "id": 78780859, "rel": "dol", "offsets": [], "vanilla_item": 0, "tags": ["tattle"]},
  {"name": "Tattle: Paratroopa", "id": 78780860, "rel": "dol", "offsets": [], "vanilla_item": 0, "tags": ["tattle"]},
  {"name": "Tattle: KP Koopa", "id": 78780861, "rel": "dol", "offsets": [], "vanilla_item": 0, "tags": ["tattle"]},
  {"name": "Tattle: KP Paratroopa", "id": 78780862, "rel": "dol", "offsets": [], "vanilla_item": 0, "tags": ["tattle"]},
  {"name": "Tattle: Shady Koopa", "id": 78780863, "rel": "dol", "offsets": [], "vanilla_item": 0, "tags": ["tattle"]},
  {"name": "Tattle: Shady Paratroopa", "id": 78780864, "rel": "dol", "offsets": [], "vanilla_item": 0, "tags": ["tattle"]},
  {"name": "Tattle: Dark Koopa", "id": 78780865, "rel": "dol", "offsets": [], "vanilla_item": 0, "tags": ["tattle"]},
  {"name": "Tattle: Dark Paratroopa", "id": 78780866, "rel": "dol", "offsets": [], "vanilla_item": 0, "tags": ["tattle"]},
  {"name": "Tattle: Koopatrol", "id": 78780867, "rel": "dol", "offsets": [], "vanilla_item": 0, "tags": ["tattle"]},
  {"name": "Tattle: Dark Koopatrol", "id": 78780868, "rel": "dol", "offsets": [], "vanilla_item": 0, "tags": ["tattle"]},
  {"name": "Tattle: Dull Bones", "id": 78780869, "rel": "dol", "offsets": [], "vanilla_item": 0, "tags": ["tattle"]},
  {"name": "Tattle: Red Bones", "id": 78780870, "rel": "dol", "offsets": [], "vanilla_item": 0, "tags": ["tattle"]},
  {"name": "Tattle: Dry Bones", "id": 78780871, "rel": "dol", "offsets": [], "vanilla_item": 0, "tags": ["tattle"]},
  {"name": "Tattle: Dark Bones", "id": 78780872, "rel": "dol", "offsets": [], "vanilla_item": 0, "tags": ["tattle"]},
  {"name": "Tattle: Hammer Bro", "id": 78780873, "rel": "dol", "offsets": [], "vanilla_item": 0, "tags": ["tattle"]},
  {"name": "Tattle: Boomerang Bro", "id": 78780874, "rel": "dol", "offsets": [], "vanilla_item": 0, "tags": ["tattle"]},
  {"name": "Tattle: Fire Bro", "id": 78780875, "rel": "dol", "offsets": [], "vanilla_item": 0, "tags": ["tattle"]},
  {"name": "Tattle: Lakitu", "id": 78780876, "rel": "dol", "offsets": [], "vanilla_item": 0, "tags": ["tattle"]},
  {"name": "Tattle: Dark Lakitu", "id": 78780877, "rel": "dol", "offsets": [], "vanilla_item": 0, "tags": ["tattle"]},
  {"name": "Tattle: Spiny", "id": 78780878, "rel": "dol", "offsets": [], "vanilla_item": 0, "tags": ["tattle"]},
  {"name": "Tattle: Sky-Blue Spiny", "id": 78780879, "rel": "dol", "offsets": [], "vanilla_item": 0, "tags": ["tattle"]},
  {"name": "Tattle: Buzzy Beetle", "id": 78780880, "rel": "dol", "offsets": [], "vanilla_item": 0, "tags": ["tattle"]},
  {"name": "Tattle: Spike Top", "id": 78780881, "rel": "dol", "offsets": [], "vanilla_item": 0, "tags": ["tattle"]},
  {"name": "Tattle: Parabuzzy", "id": 78780882, "rel": "dol", "offsets": [], "vanilla_item": 0, "tags": ["tattle"]},
  {"name": "Tattle: Spiky Parabuzzy", "id": 78780883, "rel": "dol", "offsets": [], "vanilla_item": 0, "tags": ["tattle"]},
  {"name": "Tattle: Red Spike Top", "id": 78780884, "rel": "dol", "offsets": [], "vanilla_item": 0, "tags": ["tattle"]},
  {"name": "Tattle: Magikoopa", "id": 78780885, "rel": "dol", "offsets": [], "vanilla_item": 0, "tags": ["tattle"]},
  {"name": "Tattle: Red Magikoopa", "id": 78780886, "rel": "dol", "offsets": [], "vanilla_item": 0, "tags": ["tattle"]},
  {"name": "Tattle: White Magikoopa", "id": 78780887, "rel": "dol", "offsets": [], "vanilla_item": 0, "tags": ["tattle"]},
  {"name": "Tattle: Green Magikoopa", "id": 78780888, "rel": "dol", "offsets": [], "vanilla_item": 0, "tags": ["tattle"]},
  {"name": "Tattle: Kammy Koopa", "id": 78780889, "rel": "dol", "offsets": [], "vanilla_item": 0, "tags": ["tattle"]},
  {"name": "Tattle: Bowser", "id": 78780890, "rel": "dol", "offsets": [], "vanilla_item": 0, "tags": ["tattle"]},
  {"name": "Tattle: Gus", "id": 78780891, "rel": "dol", "offsets": [], "vanilla_item": 0, "tags": ["tattle"]},
  {"name": "Tattle: Dark Craw", "id": 78780892, "rel": "dol", "offsets": [], "vanilla_item": 0, "tags": ["tattle"]},
  {"name": "Tattle: Bandit", "id": 78780893, "rel": "dol", "offsets": [], "vanilla_item": 0, "tags": ["tattle"]},
  {"name": "Tattle: Big Bandit", "id": 78780894, "rel": "dol", "offsets": [], "vanilla_item": 0, "tags": ["tattle"]},
  {"name": "Tattle: Badge Bandit", "id": 78780895, "rel": "dol", "offsets": [], "vanilla_item": 0, "tags": ["tattle"]},
  {"name": "Tattle: Spinia", "id": 78780896, "rel": "dol", "offsets": [], "vanilla_item": 0, "tags": ["tattle"]},
  {"name": "Tattle: Spania", "id": 78780897, "rel": "dol", "offsets": [], "vanilla_item": 0, "tags": ["tattle"]},
  {"name": "Tattle: Spunia", "id": 78780898, "rel": "dol", "offsets": [], "vanilla_item": 0, "tags": ["tattle"]},
  {"name": "Tattle: Fuzzy", "id": 78780899, "rel": "dol", "offsets": [], "vanilla_item": 0, "tags": ["tattle"]},
  {"name": "Tattle: Gold Fuzzy", "id": 78780900, "rel": "dol", "offsets": [], "vanilla_item": 0, "tags": ["tattle"]},
  {"name": "Tattle: Green Fuzzy", "id": 78780901, "rel": "dol", "offsets": [], "vanilla_item": 0, "tags": ["tattle"]},
  {"name": "Tattle: Flower Fuzzy", "id": 78780902, "rel": "dol", "offsets": [], "vanilla_item": 0, "tags": ["tattle"]},
  {"name": "Tattle: Pokey", "id": 78780903, "rel": "dol", "offsets": [], "vanilla_item": 0, "tags": ["tattle"]},
  {"name": "Tattle: Poison Pokey", "id": 78780904, "rel": "dol", "offsets": [], "vanilla_item": 0, "tags": ["tattle"]},
  {"name": "Tattle: Pale Piranha", "id": 78780905, "rel": "dol", "offsets": [], "vanilla_item": 0, "tags": ["tattle"]},
  {"name": "Tattle: Putrid Piranha", "id": 78780906, "rel": "dol", "offsets": [], "vanilla_item": 0, "tags": ["tattle"]},
  {"name": "Tattle: Frost Piranha", "id": 78780907, "rel": "dol", "offsets": [], "vanilla_item": 0, "tags": ["tattle"]},
  {"name": "Tattle: Piranha Plant", "id": 78780908, "rel": "dol", "offsets": [], "vanilla_item": 0, "tags": ["tattle"]},
  {"name": "Tattle: Crazee Dayzee", "id": 78780909, "rel": "dol", "offsets": [], "vanilla_item": 0, "tags": ["tattle"]},
  {"name": "Tattle: Amazy Dayzee", "id": 78780910, "rel": "dol", "offsets": [], "vanilla_item": 0, "tags": ["tattle"]},
  {"name": "Tattle: Pider", "id": 78780911, "rel": "dol", "offsets": [], "vanilla_item": 0, "tags": ["tattle"]},
  {"name": "Tattle: Arantula", "id": 78780912, "rel": "dol", "offsets": [], "vanilla_item": 0, "tags": ["tattle"]},
  {"name": "Tattle: Swooper", "id": 78780913, "rel": "dol", "offsets": [], "vanilla_item": 0, "tags": ["tattle"]},
  {"name": "Tattle: Swoopula", "id": 78780914, "rel": "dol", "offsets": [], "vanilla_item": 0, "tags": ["tattle"]},
  {"name": "Tattle: Swampire", "id": 78780915, "rel": "dol", "offsets": [], "vanilla_item": 0, "tags": ["tattle"]},
  {"name": "Tattle: Dark Puff", "id": 78780916, "rel": "dol", "offsets": [], "vanilla_item": 0, "tags": ["tattle"]},
  {"name": "Tattle: Ruff Puff", "id": 78780917, "rel": "dol", "offsets": [], "vanilla_item": 0, "tags": ["tattle"]},
  {"name": "Tattle: Ice Puff", "id": 78780918, "rel": "dol", "offsets": [], "vanilla_item": 0, "tags": ["tattle"]},
  {"name": "Tattle: Poison Puff", "id": 78780919, "rel": "dol", "offsets": [], "vanilla_item": 0, "tags": ["tattle"]},
  {"name": "Tattle: Boo", "id": 78780920, "rel": "dol", "offsets": [], "vanilla_item": 0, "tags": ["tattle"]},
  {"name": "Tattle: Atomic Boo", "id": 78780921, "rel": "dol", "offsets": [], "vanilla_item": 0, "tags": ["tattle"]},
  {"name": "Tattle: Dark Boo", "id": 78780922, "rel": "dol", "offsets": [], "vanilla_item": 0, "tags": ["tattle"]},
  {"name": "Tattle: Ember", "id": 78780923, "rel": "dol", "offsets": [], "vanilla_item": 0, "tags": ["tattle"]},
  {"name": "Tattle: Lava Bubble", "id": 78780924, "rel": "dol", "offsets": [], "vanilla_item": 0, "tags": ["tattle"]},
  {"name": "Tattle: Phantom Ember", "id": 78780925, "rel": "dol", "offsets": [], "vanilla_item": 0, "tags": ["tattle"]},
  {"name": "Tattle: Bald Cleft", "id": 78780926, "rel": "dol", "offsets": [], "vanilla_item": 0, "tags": ["tattle"]},
  {"name": "Tattle: Hyper Bald Cleft", "id": 78780927, "rel": "dol", "offsets": [], "vanilla_item": 0, "tags": ["tattle"]},
  {"name": "Tattle: Cleft", "id": 78780928, "rel": "dol", "offsets": [], "vanilla_item": 0, "tags": ["tattle"]},
  {"name": "Tattle: Iron Cleft", "id": 78780929, "rel": "dol", "offsets": [], "vanilla_item": 0, "tags": ["tattle"]},
  {"name": "Tattle: Hyper Cleft", "id": 78780931, "rel": "dol", "offsets": [], "vanilla_item": 0, "tags": ["tattle"]},
  {"name": "Tattle: Moon Cleft", "id": 78780932, "rel": "dol", "offsets": [], "vanilla_item": 0, "tags": ["tattle"]},
  {"name": "Tattle: Bristle", "id": 78780933, "rel": "dol", "offsets": [], "vanilla_item": 0, "tags": ["tattle"]},
  {"name": "Tattle: Dark Bristle", "id": 78780934, "rel": "dol", "offsets": [], "vanilla_item": 0, "tags": ["tattle"]},
  {"name": "Tattle: Bob-omb", "id": 78780935, "rel": "dol", "offsets": [], "vanilla_item": 0, "tags": ["tattle"]},
  {"name": "Tattle: Bulky Bob-omb", "id": 78780936, "rel": "dol", "offsets": [], "vanilla_item": 0, "tags": ["tattle"]},
  {"name": "Tattle: Bob-ulk", "id": 78780937, "rel": "dol", "offsets": [], "vanilla_item": 0, "tags": ["tattle"]},
  {"name": "Tattle: Chain-Chomp", "id": 78780938, "rel": "dol", "offsets": [], "vanilla_item": 0, "tags": ["tattle"]},
  {"name": "Tattle: Red Chomp", "id": 78780939, "rel": "dol", "offsets": [], "vanilla_item": 0, "tags": ["tattle"]},
  {"name": "Tattle: Bill Blaster", "id": 78780940, "rel": "dol", "offsets": [], "vanilla_item": 0, "tags": ["tattle"]},
  {"name": "Tattle: Bullet Bill", "id": 78780941, "rel": "dol", "offsets": [], "vanilla_item": 0, "tags": ["tattle"]},
  {"name": "Tattle: B. Bill Blaster", "id": 78780942, "rel": "dol", "offsets": [], "vanilla_item": 0, "tags": ["tattle"]},
  {"name": "Tattle: Bombshell Bill", "id": 78780943, "rel": "dol", "offsets": [], "vanilla_item": 0, "tags": ["tattle"]},
  {"name": "Tattle: Dark Wizzerd", "id": 78780944, "rel": "dol", "offsets": [], "vanilla_item": 0, "tags": ["tattle"]},
  {"name": "Tattle: Wizzerd", "id": 78780945, "rel": "dol", "offsets": [], "vanilla_item": 0, "tags": ["tattle"]},
  {"name": "Tattle: Elite Wizzerd", "id": 78780946, "rel": "dol", "offsets": [], "vanilla_item": 0, "tags": ["tattle"]},
  {"name": "Tattle: Blooper", "id": 78780947, "rel": "dol", "offsets": [], "vanilla_item": 0, "tags": ["tattle"]},
  {"name": "Tattle: Hooktail", "id": 78780948, "rel": "dol", "offsets": [], "vanilla_item": 0, "tags": ["tattle"]},
  {"name": "Tattle: Gloomtail", "id": 78780949, "rel": "dol", "offsets": [], "vanilla_item": 0, "tags": ["tattle"]},
  {"name": "Tattle: Bonetail", "id": 78780950, "rel": "dol", "offsets": [], "vanilla_item": 0, "tags": ["tattle"]},
  {"name": "Tattle: Rawk Hawk", "id": 78780951, "rel": "dol", "offsets": [], "vanilla_item": 0, "tags": ["tattle"]},
  {"name": "Tattle: Macho Grubba", "id": 78780952, "rel": "dol", "offsets": [], "vanilla_item": 0, "tags": ["tattle"]},
  {"name": "Tattle: Doopliss", "id": 78780953, "rel": "dol", "offsets": [], "vanilla_item": 0, "tags": ["tattle"]},
  {"name": "Tattle: Cortez", "id": 78780954, "rel": "dol", "offsets": [], "vanilla_item": 0, "tags": ["tattle"]},
  {"name": "Tattle: Smorg", "id": 78780955, "rel": "dol", "offsets": [], "vanilla_item": 0, "tags": ["tattle"]},
  {"name": "Tattle: X-Naut", "id": 78780956, "rel": "dol", "offsets": [], "vanilla_item": 0, "tags": ["tattle"]},
  {"name": "Tattle: X-Naut PhD", "id": 78780957, "rel": "dol", "offsets": [], "vanilla_item": 0, "tags": ["tattle"]},
  {"name": "Tattle: Elite X-Naut", "id": 78780958, "rel": "dol", "offsets": [], "vanilla_item": 0, "tags": ["tattle"]},
  {"name": "Tattle: Yux", "id": 78780959, "rel": "dol", "offsets": [], "vanilla_item": 0, "tags": ["tattle"]},
  {"name": "Tattle: Mini-Yux", "id": 78780960, "rel": "dol", "offsets": [], "vanilla_item": 0, "tags": ["tattle"]},
  {"name": "Tattle: Z-Yux", "id": 78780961, "rel": "dol", "offsets": [], "vanilla_item": 0, "tags": ["tattle"]},
  {"name": "Tattle: Mini-Z-Yux", "id": 78780962, "rel": "dol", "offsets": [], "vanilla_item": 0, "tags": ["tattle"]},
  {"name": "Tattle: X-Yux", "id": 78780963, "rel": "dol", "offsets": [], "vanilla_item": 0, "tags": ["tattle"]},
  {"name": "Tattle: Mini-X-Yux", "id": 78780964, "rel": "dol", "offsets": [], "vanilla_item": 0, "tags": ["tattle"]},
  {"name": "Tattle: Grodus X", "id": 78780965, "rel": "dol", "offsets": [], "vanilla_item": 0, "tags": ["tattle"]},
  {"name": "Tattle: Magnus von Grapple", "id": 78780966, "rel": "dol", "offsets": [], "vanilla_item": 0, "tags": ["tattle"]},
  {"name": "Tattle: Magnus von Grapple 2.0", "id": 78780967, "rel": "dol", "offsets": [], "vanilla_item": 0, "tags": ["tattle"]},
  {"name": "Tattle: Lord Crump", "id": 78780968, "rel": "dol", "offsets": [], "vanilla_item": 0, "tags": ["tattle"]},
  {"name": "Tattle: Sir Grodus", "id": 78780969, "rel": "dol", "offsets": [], "vanilla_item": 0, "tags": ["tattle"]},
  {"name": "Tattle: Beldam", "id": 78780970, "rel": "dol", "offsets": [], "vanilla_item": 0, "tags": ["tattle"]},
  {"name": "Tattle: Marilyn", "id": 78780971, "rel": "dol", "offsets": [], "vanilla_item": 0, "tags": ["tattle"]},
  {"name": "Tattle: Vivian", "id": 78780972, "rel": "dol", "offsets": [], "vanilla_item": 0, "tags": ["tattle"]},
  {"name": "Tattle: Shadow Queen", "id": 78780973, "rel": "dol", "offsets": [], "vanilla_item": 0, "tags": ["tattle"]}
]
